<?xml version='1.0' encoding='utf-8'?>
<!DOCTYPE hibernate-configuration PUBLIC
        "-//Hibernate/Hibernate Configuration DTD 3.0//EN"
        "http://www.hibernate.org/dtd/hibernate-configuration-3.0.dtd">
<hibernate-configuration>
    <session-factory>
        <!-- 初始化连接 -->
        <property name="connection.driver_class">com.mysql.cj.jdbc.Driver</property>
        <property name="connection.url">jdbc:mysql://localhost:3306/test?serverTimezone=UTC</property>
        <property name="connection.username">root</property>
        <property name="connection.password">root</property>

        <!-- 方言 -->
        <property name="dialect">org.hibernate.dialect.MySQL57Dialect</property>
        <!-- 自动更新 -->
        <property name="hbm2ddl.auto">update</property>
<!--        &lt;!&ndash; 打印sql &ndash;&gt;-->
<!--        <property name="show_sql">true</property>-->
<!--        &lt;!&ndash; 格式化sql &ndash;&gt;-->
<!--        <property name="format_sql">true</property>-->
        <!-- 对象映射文件 -->
        <mapping resource="com/myself/Bean/User.hbm.xml"/>
    </session-factory>
</hibernate-configuration>